line_code,section,label,amount_eur,source_jo,source_annex,line_ref_jo,line_ref_annex
1101,fiscal,Impôt net sur le revenu,99836208951,https://www.legifrance.gouv.fr/jorf/id/JORFTEXT000053508155,https://www.assemblee-nationale.fr/dyn/docs/PRJLANR5L17BTA0227.raw,https://www.legifrance.gouv.fr/jorf/id/JORFTEXT000053508155,https://www.assemblee-nationale.fr/dyn/docs/PRJLANR5L17BTA0227.raw
1201,fiscal,Autres impôts directs perçus par voie d’émission de rôles,2414300000,https://www.legifrance.gouv.fr/jorf/id/JORFTEXT000053508155,https://www.assemblee-nationale.fr/dyn/docs/PRJLANR5L17BTA0227.raw,https://www.legifrance.gouv.fr/jorf/id/JORFTEXT000053508155,https://www.assemblee-nationale.fr/dyn/docs/PRJLANR5L17BTA0227.raw
1301,fiscal,Impôt net sur les sociétés,61628838886,https://www.legifrance.gouv.fr/jorf/id/JORFTEXT000053508155,https://www.assemblee-nationale.fr/dyn/docs/PRJLANR5L17BTA0227.raw,https://www.legifrance.gouv.fr/jorf/id/JORFTEXT000053508155,https://www.assemblee-nationale.fr/dyn/docs/PRJLANR5L17BTA0227.raw
1302,fiscal,Contribution sociale sur les bénéfices des sociétés,1411000000,https://www.legifrance.gouv.fr/jorf/id/JORFTEXT000053508155,https://www.assemblee-nationale.fr/dyn/docs/PRJLANR5L17BTA0227.raw,https://www.legifrance.gouv.fr/jorf/id/JORFTEXT000053508155,https://www.assemblee-nationale.fr/dyn/docs/PRJLANR5L17BTA0227.raw
1303,fiscal,Contribution de la Caisse des dépôts et consignations représentative de l’impôt sur les sociétés,374000000,https://www.legifrance.gouv.fr/jorf/id/JORFTEXT000053508155,https://www.assemblee-nationale.fr/dyn/docs/PRJLANR5L17BTA0227.raw,https://www.legifrance.gouv.fr/jorf/id/JORFTEXT000053508155,https://www.assemblee-nationale.fr/dyn/docs/PRJLANR5L17BTA0227.raw
1304,fiscal,Impôt minimum mondial à 15 % - pilier 2,500000000,https://www.legifrance.gouv.fr/jorf/id/JORFTEXT000053508155,https://www.assemblee-nationale.fr/dyn/docs/PRJLANR5L17BTA0227.raw,https://www.legifrance.gouv.fr/jorf/id/JORFTEXT000053508155,https://www.assemblee-nationale.fr/dyn/docs/PRJLANR5L17BTA0227.raw
1401,fiscal,Retenues à la source sur certains bénéfices non commerciaux et de l’impôt sur le revenu,1127940000,https://www.legifrance.gouv.fr/jorf/id/JORFTEXT000053508155,https://www.assemblee-nationale.fr/dyn/docs/PRJLANR5L17BTA0227.raw,https://www.legifrance.gouv.fr/jorf/id/JORFTEXT000053508155,https://www.assemblee-nationale.fr/dyn/docs/PRJLANR5L17BTA0227.raw
1402,fiscal,Retenues à la source et prélèvements sur les revenus de capitaux mobiliers et le prélèvement sur les bons anonymes,4800000000,https://www.legifrance.gouv.fr/jorf/id/JORFTEXT000053508155,https://www.assemblee-nationale.fr/dyn/docs/PRJLANR5L17BTA0227.raw,https://www.legifrance.gouv.fr/jorf/id/JORFTEXT000053508155,https://www.assemblee-nationale.fr/dyn/docs/PRJLANR5L17BTA0227.raw
1403,fiscal,"Prélèvements sur les bénéfices tirés de la construction immobilière (loi n° 63-254 du 15 mars 1963, art. 28-IV)",0,https://www.legifrance.gouv.fr/jorf/id/JORFTEXT000053508155,https://www.assemblee-nationale.fr/dyn/docs/PRJLANR5L17BTA0227.raw,https://www.legifrance.gouv.fr/jorf/id/JORFTEXT000053508155,https://www.assemblee-nationale.fr/dyn/docs/PRJLANR5L17BTA0227.raw
1404,fiscal,"Précompte dû par les sociétés au titre de certains bénéfices distribués (loi n° 65-566 du 12 juillet 1965, art. 3)",23276,https://www.legifrance.gouv.fr/jorf/id/JORFTEXT000053508155,https://www.assemblee-nationale.fr/dyn/docs/PRJLANR5L17BTA0227.raw,https://www.legifrance.gouv.fr/jorf/id/JORFTEXT000053508155,https://www.assemblee-nationale.fr/dyn/docs/PRJLANR5L17BTA0227.raw
1405,fiscal,Prélèvement exceptionnel de 25 % sur les distributions de bénéfices,168407,https://www.legifrance.gouv.fr/jorf/id/JORFTEXT000053508155,https://www.assemblee-nationale.fr/dyn/docs/PRJLANR5L17BTA0227.raw,https://www.legifrance.gouv.fr/jorf/id/JORFTEXT000053508155,https://www.assemblee-nationale.fr/dyn/docs/PRJLANR5L17BTA0227.raw
1406,fiscal,Impôt sur la fortune immobilière,3094517338,https://www.legifrance.gouv.fr/jorf/id/JORFTEXT000053508155,https://www.assemblee-nationale.fr/dyn/docs/PRJLANR5L17BTA0227.raw,https://www.legifrance.gouv.fr/jorf/id/JORFTEXT000053508155,https://www.assemblee-nationale.fr/dyn/docs/PRJLANR5L17BTA0227.raw
1407,fiscal,"Taxe sur les locaux à usage de bureaux, les locaux commerciaux et de stockage",28420067,https://www.legifrance.gouv.fr/jorf/id/JORFTEXT000053508155,https://www.assemblee-nationale.fr/dyn/docs/PRJLANR5L17BTA0227.raw,https://www.legifrance.gouv.fr/jorf/id/JORFTEXT000053508155,https://www.assemblee-nationale.fr/dyn/docs/PRJLANR5L17BTA0227.raw
1408,fiscal,Prélèvements sur les entreprises d’assurance,166981751,https://www.legifrance.gouv.fr/jorf/id/JORFTEXT000053508155,https://www.assemblee-nationale.fr/dyn/docs/PRJLANR5L17BTA0227.raw,https://www.legifrance.gouv.fr/jorf/id/JORFTEXT000053508155,https://www.assemblee-nationale.fr/dyn/docs/PRJLANR5L17BTA0227.raw
1409,fiscal,Taxe sur les salaires,0,https://www.legifrance.gouv.fr/jorf/id/JORFTEXT000053508155,https://www.assemblee-nationale.fr/dyn/docs/PRJLANR5L17BTA0227.raw,https://www.legifrance.gouv.fr/jorf/id/JORFTEXT000053508155,https://www.assemblee-nationale.fr/dyn/docs/PRJLANR5L17BTA0227.raw
1410,fiscal,Cotisation minimale de taxe professionnelle,822828,https://www.legifrance.gouv.fr/jorf/id/JORFTEXT000053508155,https://www.assemblee-nationale.fr/dyn/docs/PRJLANR5L17BTA0227.raw,https://www.legifrance.gouv.fr/jorf/id/JORFTEXT000053508155,https://www.assemblee-nationale.fr/dyn/docs/PRJLANR5L17BTA0227.raw
1411,fiscal,Cotisations perçues au titre de la participation des employeurs à l’effort de construction,27451462,https://www.legifrance.gouv.fr/jorf/id/JORFTEXT000053508155,https://www.assemblee-nationale.fr/dyn/docs/PRJLANR5L17BTA0227.raw,https://www.legifrance.gouv.fr/jorf/id/JORFTEXT000053508155,https://www.assemblee-nationale.fr/dyn/docs/PRJLANR5L17BTA0227.raw
1412,fiscal,Taxe de participation des employeurs au financement de la formation professionnelle continue,34654281,https://www.legifrance.gouv.fr/jorf/id/JORFTEXT000053508155,https://www.assemblee-nationale.fr/dyn/docs/PRJLANR5L17BTA0227.raw,https://www.legifrance.gouv.fr/jorf/id/JORFTEXT000053508155,https://www.assemblee-nationale.fr/dyn/docs/PRJLANR5L17BTA0227.raw
1413,fiscal,"Taxe forfaitaire sur les métaux précieux, les bijoux, les objets d’art, de collection et d’antiquité",148510276,https://www.legifrance.gouv.fr/jorf/id/JORFTEXT000053508155,https://www.assemblee-nationale.fr/dyn/docs/PRJLANR5L17BTA0227.raw,https://www.legifrance.gouv.fr/jorf/id/JORFTEXT000053508155,https://www.assemblee-nationale.fr/dyn/docs/PRJLANR5L17BTA0227.raw
1415,fiscal,Contribution des institutions financières,0,https://www.legifrance.gouv.fr/jorf/id/JORFTEXT000053508155,https://www.assemblee-nationale.fr/dyn/docs/PRJLANR5L17BTA0227.raw,https://www.legifrance.gouv.fr/jorf/id/JORFTEXT000053508155,https://www.assemblee-nationale.fr/dyn/docs/PRJLANR5L17BTA0227.raw
1416,fiscal,Taxe sur les surfaces commerciales,240601099,https://www.legifrance.gouv.fr/jorf/id/JORFTEXT000053508155,https://www.assemblee-nationale.fr/dyn/docs/PRJLANR5L17BTA0227.raw,https://www.legifrance.gouv.fr/jorf/id/JORFTEXT000053508155,https://www.assemblee-nationale.fr/dyn/docs/PRJLANR5L17BTA0227.raw
1421,fiscal,Cotisation nationale de péréquation de taxe professionnelle,1029273,https://www.legifrance.gouv.fr/jorf/id/JORFTEXT000053508155,https://www.assemblee-nationale.fr/dyn/docs/PRJLANR5L17BTA0227.raw,https://www.legifrance.gouv.fr/jorf/id/JORFTEXT000053508155,https://www.assemblee-nationale.fr/dyn/docs/PRJLANR5L17BTA0227.raw
1427,fiscal,Prélèvements de solidarité,15634906822,https://www.legifrance.gouv.fr/jorf/id/JORFTEXT000053508155,https://www.assemblee-nationale.fr/dyn/docs/PRJLANR5L17BTA0227.raw,https://www.legifrance.gouv.fr/jorf/id/JORFTEXT000053508155,https://www.assemblee-nationale.fr/dyn/docs/PRJLANR5L17BTA0227.raw
1429,fiscal,Taxe sur les gestionnaires d’infrastructures de transport (écrêtement),0,https://www.legifrance.gouv.fr/jorf/id/JORFTEXT000053508155,https://www.assemblee-nationale.fr/dyn/docs/PRJLANR5L17BTA0227.raw,https://www.legifrance.gouv.fr/jorf/id/JORFTEXT000053508155,https://www.assemblee-nationale.fr/dyn/docs/PRJLANR5L17BTA0227.raw
1430,fiscal,Taxe sur les services numériques,881600000,https://www.legifrance.gouv.fr/jorf/id/JORFTEXT000053508155,https://www.assemblee-nationale.fr/dyn/docs/PRJLANR5L17BTA0227.raw,https://www.legifrance.gouv.fr/jorf/id/JORFTEXT000053508155,https://www.assemblee-nationale.fr/dyn/docs/PRJLANR5L17BTA0227.raw
1431,fiscal,Taxe d’habitation sur les résidences principales,0,https://www.legifrance.gouv.fr/jorf/id/JORFTEXT000053508155,https://www.assemblee-nationale.fr/dyn/docs/PRJLANR5L17BTA0227.raw,https://www.legifrance.gouv.fr/jorf/id/JORFTEXT000053508155,https://www.assemblee-nationale.fr/dyn/docs/PRJLANR5L17BTA0227.raw
1439,fiscal,Taxe sur le patrimoine financier,0,https://www.legifrance.gouv.fr/jorf/id/JORFTEXT000053508155,https://www.assemblee-nationale.fr/dyn/docs/PRJLANR5L17BTA0227.raw,https://www.legifrance.gouv.fr/jorf/id/JORFTEXT000053508155,https://www.assemblee-nationale.fr/dyn/docs/PRJLANR5L17BTA0227.raw
1440,fiscal,Contribution différentielle applicable à certains contribuables titulaires de très hauts revenus,650000000,https://www.legifrance.gouv.fr/jorf/id/JORFTEXT000053508155,https://www.assemblee-nationale.fr/dyn/docs/PRJLANR5L17BTA0227.raw,https://www.legifrance.gouv.fr/jorf/id/JORFTEXT000053508155,https://www.assemblee-nationale.fr/dyn/docs/PRJLANR5L17BTA0227.raw
1441,fiscal,Contribution exceptionnelle sur les bénéfices des grandes entreprises,7300000000,https://www.legifrance.gouv.fr/jorf/id/JORFTEXT000053508155,https://www.assemblee-nationale.fr/dyn/docs/PRJLANR5L17BTA0227.raw,https://www.legifrance.gouv.fr/jorf/id/JORFTEXT000053508155,https://www.assemblee-nationale.fr/dyn/docs/PRJLANR5L17BTA0227.raw
1442,fiscal,Taxe sur les petits colis,400000000,https://www.legifrance.gouv.fr/jorf/id/JORFTEXT000053508155,https://www.assemblee-nationale.fr/dyn/docs/PRJLANR5L17BTA0227.raw,https://www.legifrance.gouv.fr/jorf/id/JORFTEXT000053508155,https://www.assemblee-nationale.fr/dyn/docs/PRJLANR5L17BTA0227.raw
1497,fiscal,Cotisation sur la valeur ajoutée des entreprises,4041291801,https://www.legifrance.gouv.fr/jorf/id/JORFTEXT000053508155,https://www.assemblee-nationale.fr/dyn/docs/PRJLANR5L17BTA0227.raw,https://www.legifrance.gouv.fr/jorf/id/JORFTEXT000053508155,https://www.assemblee-nationale.fr/dyn/docs/PRJLANR5L17BTA0227.raw
1498,fiscal,Cotisation foncière des entreprises,1000000,https://www.legifrance.gouv.fr/jorf/id/JORFTEXT000053508155,https://www.assemblee-nationale.fr/dyn/docs/PRJLANR5L17BTA0227.raw,https://www.legifrance.gouv.fr/jorf/id/JORFTEXT000053508155,https://www.assemblee-nationale.fr/dyn/docs/PRJLANR5L17BTA0227.raw
1499,fiscal,Recettes diverses,1311300179,https://www.legifrance.gouv.fr/jorf/id/JORFTEXT000053508155,https://www.assemblee-nationale.fr/dyn/docs/PRJLANR5L17BTA0227.raw,https://www.legifrance.gouv.fr/jorf/id/JORFTEXT000053508155,https://www.assemblee-nationale.fr/dyn/docs/PRJLANR5L17BTA0227.raw
1501,fiscal,Accises sur les énergies (ex-TICPE),17469533401,https://www.legifrance.gouv.fr/jorf/id/JORFTEXT000053508155,https://www.assemblee-nationale.fr/dyn/docs/PRJLANR5L17BTA0227.raw,https://www.legifrance.gouv.fr/jorf/id/JORFTEXT000053508155,https://www.assemblee-nationale.fr/dyn/docs/PRJLANR5L17BTA0227.raw
1502,fiscal,Accises sur les énergies (ex-TICGN),2226300000,https://www.legifrance.gouv.fr/jorf/id/JORFTEXT000053508155,https://www.assemblee-nationale.fr/dyn/docs/PRJLANR5L17BTA0227.raw,https://www.legifrance.gouv.fr/jorf/id/JORFTEXT000053508155,https://www.assemblee-nationale.fr/dyn/docs/PRJLANR5L17BTA0227.raw
1503,fiscal,Accises sur les énergies (ex-TICFE),5585300000,https://www.legifrance.gouv.fr/jorf/id/JORFTEXT000053508155,https://www.assemblee-nationale.fr/dyn/docs/PRJLANR5L17BTA0227.raw,https://www.legifrance.gouv.fr/jorf/id/JORFTEXT000053508155,https://www.assemblee-nationale.fr/dyn/docs/PRJLANR5L17BTA0227.raw
1504,fiscal,Autres taxes intérieures,9000000,https://www.legifrance.gouv.fr/jorf/id/JORFTEXT000053508155,https://www.assemblee-nationale.fr/dyn/docs/PRJLANR5L17BTA0227.raw,https://www.legifrance.gouv.fr/jorf/id/JORFTEXT000053508155,https://www.assemblee-nationale.fr/dyn/docs/PRJLANR5L17BTA0227.raw
1601,fiscal,Taxe sur la valeur ajoutée nette,99805199715,https://www.legifrance.gouv.fr/jorf/id/JORFTEXT000053508155,https://www.assemblee-nationale.fr/dyn/docs/PRJLANR5L17BTA0227.raw,https://www.legifrance.gouv.fr/jorf/id/JORFTEXT000053508155,https://www.assemblee-nationale.fr/dyn/docs/PRJLANR5L17BTA0227.raw
1701,fiscal,"Mutations à titre onéreux de créances, rentes, prix d’offices",471303447,https://www.legifrance.gouv.fr/jorf/id/JORFTEXT000053508155,https://www.assemblee-nationale.fr/dyn/docs/PRJLANR5L17BTA0227.raw,https://www.legifrance.gouv.fr/jorf/id/JORFTEXT000053508155,https://www.assemblee-nationale.fr/dyn/docs/PRJLANR5L17BTA0227.raw
1702,fiscal,Mutations à titre onéreux de fonds de commerce,241186681,https://www.legifrance.gouv.fr/jorf/id/JORFTEXT000053508155,https://www.assemblee-nationale.fr/dyn/docs/PRJLANR5L17BTA0227.raw,https://www.legifrance.gouv.fr/jorf/id/JORFTEXT000053508155,https://www.assemblee-nationale.fr/dyn/docs/PRJLANR5L17BTA0227.raw
1703,fiscal,Mutations à titre onéreux de meubles corporels,239536,https://www.legifrance.gouv.fr/jorf/id/JORFTEXT000053508155,https://www.assemblee-nationale.fr/dyn/docs/PRJLANR5L17BTA0227.raw,https://www.legifrance.gouv.fr/jorf/id/JORFTEXT000053508155,https://www.assemblee-nationale.fr/dyn/docs/PRJLANR5L17BTA0227.raw
1704,fiscal,Mutations à titre onéreux d’immeubles et droits immobiliers,75335666,https://www.legifrance.gouv.fr/jorf/id/JORFTEXT000053508155,https://www.assemblee-nationale.fr/dyn/docs/PRJLANR5L17BTA0227.raw,https://www.legifrance.gouv.fr/jorf/id/JORFTEXT000053508155,https://www.assemblee-nationale.fr/dyn/docs/PRJLANR5L17BTA0227.raw
1705,fiscal,Mutations à titre gratuit entre vifs (donations),4422986306,https://www.legifrance.gouv.fr/jorf/id/JORFTEXT000053508155,https://www.assemblee-nationale.fr/dyn/docs/PRJLANR5L17BTA0227.raw,https://www.legifrance.gouv.fr/jorf/id/JORFTEXT000053508155,https://www.assemblee-nationale.fr/dyn/docs/PRJLANR5L17BTA0227.raw
1706,fiscal,Mutations à titre gratuit par décès,16995331339,https://www.legifrance.gouv.fr/jorf/id/JORFTEXT000053508155,https://www.assemblee-nationale.fr/dyn/docs/PRJLANR5L17BTA0227.raw,https://www.legifrance.gouv.fr/jorf/id/JORFTEXT000053508155,https://www.assemblee-nationale.fr/dyn/docs/PRJLANR5L17BTA0227.raw
1707,fiscal,Contribution de sécurité immobilière,814607244,https://www.legifrance.gouv.fr/jorf/id/JORFTEXT000053508155,https://www.assemblee-nationale.fr/dyn/docs/PRJLANR5L17BTA0227.raw,https://www.legifrance.gouv.fr/jorf/id/JORFTEXT000053508155,https://www.assemblee-nationale.fr/dyn/docs/PRJLANR5L17BTA0227.raw
1711,fiscal,Autres conventions et actes civils,586128882,https://www.legifrance.gouv.fr/jorf/id/JORFTEXT000053508155,https://www.assemblee-nationale.fr/dyn/docs/PRJLANR5L17BTA0227.raw,https://www.legifrance.gouv.fr/jorf/id/JORFTEXT000053508155,https://www.assemblee-nationale.fr/dyn/docs/PRJLANR5L17BTA0227.raw
1712,fiscal,Actes judiciaires et extrajudiciaires,0,https://www.legifrance.gouv.fr/jorf/id/JORFTEXT000053508155,https://www.assemblee-nationale.fr/dyn/docs/PRJLANR5L17BTA0227.raw,https://www.legifrance.gouv.fr/jorf/id/JORFTEXT000053508155,https://www.assemblee-nationale.fr/dyn/docs/PRJLANR5L17BTA0227.raw
1713,fiscal,Taxe de publicité foncière,617316900,https://www.legifrance.gouv.fr/jorf/id/JORFTEXT000053508155,https://www.assemblee-nationale.fr/dyn/docs/PRJLANR5L17BTA0227.raw,https://www.legifrance.gouv.fr/jorf/id/JORFTEXT000053508155,https://www.assemblee-nationale.fr/dyn/docs/PRJLANR5L17BTA0227.raw
1714,fiscal,Prélèvement sur les sommes versées par les organismes d’assurance et assimilés à raison des contrats d’assurance en cas de décès,478273006,https://www.legifrance.gouv.fr/jorf/id/JORFTEXT000053508155,https://www.assemblee-nationale.fr/dyn/docs/PRJLANR5L17BTA0227.raw,https://www.legifrance.gouv.fr/jorf/id/JORFTEXT000053508155,https://www.assemblee-nationale.fr/dyn/docs/PRJLANR5L17BTA0227.raw
1715,fiscal,Taxe additionnelle au droit de bail,0,https://www.legifrance.gouv.fr/jorf/id/JORFTEXT000053508155,https://www.assemblee-nationale.fr/dyn/docs/PRJLANR5L17BTA0227.raw,https://www.legifrance.gouv.fr/jorf/id/JORFTEXT000053508155,https://www.assemblee-nationale.fr/dyn/docs/PRJLANR5L17BTA0227.raw
1716,fiscal,Recettes diverses et pénalités,322226234,https://www.legifrance.gouv.fr/jorf/id/JORFTEXT000053508155,https://www.assemblee-nationale.fr/dyn/docs/PRJLANR5L17BTA0227.raw,https://www.legifrance.gouv.fr/jorf/id/JORFTEXT000053508155,https://www.assemblee-nationale.fr/dyn/docs/PRJLANR5L17BTA0227.raw
1721,fiscal,Timbre unique,495000000,https://www.legifrance.gouv.fr/jorf/id/JORFTEXT000053508155,https://www.assemblee-nationale.fr/dyn/docs/PRJLANR5L17BTA0227.raw,https://www.legifrance.gouv.fr/jorf/id/JORFTEXT000053508155,https://www.assemblee-nationale.fr/dyn/docs/PRJLANR5L17BTA0227.raw
1722,fiscal,Taxe sur les véhicules de société,0,https://www.legifrance.gouv.fr/jorf/id/JORFTEXT000053508155,https://www.assemblee-nationale.fr/dyn/docs/PRJLANR5L17BTA0227.raw,https://www.legifrance.gouv.fr/jorf/id/JORFTEXT000053508155,https://www.assemblee-nationale.fr/dyn/docs/PRJLANR5L17BTA0227.raw
1723,fiscal,Actes et écrits assujettis au timbre de dimension,0,https://www.legifrance.gouv.fr/jorf/id/JORFTEXT000053508155,https://www.assemblee-nationale.fr/dyn/docs/PRJLANR5L17BTA0227.raw,https://www.legifrance.gouv.fr/jorf/id/JORFTEXT000053508155,https://www.assemblee-nationale.fr/dyn/docs/PRJLANR5L17BTA0227.raw
1725,fiscal,Permis de chasser,0,https://www.legifrance.gouv.fr/jorf/id/JORFTEXT000053508155,https://www.assemblee-nationale.fr/dyn/docs/PRJLANR5L17BTA0227.raw,https://www.legifrance.gouv.fr/jorf/id/JORFTEXT000053508155,https://www.assemblee-nationale.fr/dyn/docs/PRJLANR5L17BTA0227.raw
1726,fiscal,Produit de la taxe additionnelle à la taxe sur les certifications d’immatriculation des véhicules,1270000000,https://www.legifrance.gouv.fr/jorf/id/JORFTEXT000053508155,https://www.assemblee-nationale.fr/dyn/docs/PRJLANR5L17BTA0227.raw,https://www.legifrance.gouv.fr/jorf/id/JORFTEXT000053508155,https://www.assemblee-nationale.fr/dyn/docs/PRJLANR5L17BTA0227.raw
1751,fiscal,Droits d’importation,0,https://www.legifrance.gouv.fr/jorf/id/JORFTEXT000053508155,https://www.assemblee-nationale.fr/dyn/docs/PRJLANR5L17BTA0227.raw,https://www.legifrance.gouv.fr/jorf/id/JORFTEXT000053508155,https://www.assemblee-nationale.fr/dyn/docs/PRJLANR5L17BTA0227.raw
1752,fiscal,Contribution sur la rente inframarginale de la production d’électricité,0,https://www.legifrance.gouv.fr/jorf/id/JORFTEXT000053508155,https://www.assemblee-nationale.fr/dyn/docs/PRJLANR5L17BTA0227.raw,https://www.legifrance.gouv.fr/jorf/id/JORFTEXT000053508155,https://www.assemblee-nationale.fr/dyn/docs/PRJLANR5L17BTA0227.raw
1754,fiscal,Autres droits et recettes accessoires,4530152,https://www.legifrance.gouv.fr/jorf/id/JORFTEXT000053508155,https://www.assemblee-nationale.fr/dyn/docs/PRJLANR5L17BTA0227.raw,https://www.legifrance.gouv.fr/jorf/id/JORFTEXT000053508155,https://www.assemblee-nationale.fr/dyn/docs/PRJLANR5L17BTA0227.raw
1755,fiscal,Amendes et confiscations,42903860,https://www.legifrance.gouv.fr/jorf/id/JORFTEXT000053508155,https://www.assemblee-nationale.fr/dyn/docs/PRJLANR5L17BTA0227.raw,https://www.legifrance.gouv.fr/jorf/id/JORFTEXT000053508155,https://www.assemblee-nationale.fr/dyn/docs/PRJLANR5L17BTA0227.raw
1756,fiscal,Taxe générale sur les activités polluantes,1273000000,https://www.legifrance.gouv.fr/jorf/id/JORFTEXT000053508155,https://www.assemblee-nationale.fr/dyn/docs/PRJLANR5L17BTA0227.raw,https://www.legifrance.gouv.fr/jorf/id/JORFTEXT000053508155,https://www.assemblee-nationale.fr/dyn/docs/PRJLANR5L17BTA0227.raw
1757,fiscal,Cotisation à la production sur les sucres,0,https://www.legifrance.gouv.fr/jorf/id/JORFTEXT000053508155,https://www.assemblee-nationale.fr/dyn/docs/PRJLANR5L17BTA0227.raw,https://www.legifrance.gouv.fr/jorf/id/JORFTEXT000053508155,https://www.assemblee-nationale.fr/dyn/docs/PRJLANR5L17BTA0227.raw
1758,fiscal,Droit de licence sur la rémunération des débitants de tabac,0,https://www.legifrance.gouv.fr/jorf/id/JORFTEXT000053508155,https://www.assemblee-nationale.fr/dyn/docs/PRJLANR5L17BTA0227.raw,https://www.legifrance.gouv.fr/jorf/id/JORFTEXT000053508155,https://www.assemblee-nationale.fr/dyn/docs/PRJLANR5L17BTA0227.raw
1761,fiscal,Taxe et droits de consommation sur les tabacs,78000000,https://www.legifrance.gouv.fr/jorf/id/JORFTEXT000053508155,https://www.assemblee-nationale.fr/dyn/docs/PRJLANR5L17BTA0227.raw,https://www.legifrance.gouv.fr/jorf/id/JORFTEXT000053508155,https://www.assemblee-nationale.fr/dyn/docs/PRJLANR5L17BTA0227.raw
1766,fiscal,Garantie des matières d’or et d’argent,0,https://www.legifrance.gouv.fr/jorf/id/JORFTEXT000053508155,https://www.assemblee-nationale.fr/dyn/docs/PRJLANR5L17BTA0227.raw,https://www.legifrance.gouv.fr/jorf/id/JORFTEXT000053508155,https://www.assemblee-nationale.fr/dyn/docs/PRJLANR5L17BTA0227.raw
1768,fiscal,Taxe spéciale sur certains véhicules routiers,176500433,https://www.legifrance.gouv.fr/jorf/id/JORFTEXT000053508155,https://www.assemblee-nationale.fr/dyn/docs/PRJLANR5L17BTA0227.raw,https://www.legifrance.gouv.fr/jorf/id/JORFTEXT000053508155,https://www.assemblee-nationale.fr/dyn/docs/PRJLANR5L17BTA0227.raw
1769,fiscal,Autres droits et recettes à différents titres,194326520,https://www.legifrance.gouv.fr/jorf/id/JORFTEXT000053508155,https://www.assemblee-nationale.fr/dyn/docs/PRJLANR5L17BTA0227.raw,https://www.legifrance.gouv.fr/jorf/id/JORFTEXT000053508155,https://www.assemblee-nationale.fr/dyn/docs/PRJLANR5L17BTA0227.raw
1773,fiscal,Taxe sur les achats de viande,0,https://www.legifrance.gouv.fr/jorf/id/JORFTEXT000053508155,https://www.assemblee-nationale.fr/dyn/docs/PRJLANR5L17BTA0227.raw,https://www.legifrance.gouv.fr/jorf/id/JORFTEXT000053508155,https://www.assemblee-nationale.fr/dyn/docs/PRJLANR5L17BTA0227.raw
1774,fiscal,Taxe spéciale sur la publicité télévisée,0,https://www.legifrance.gouv.fr/jorf/id/JORFTEXT000053508155,https://www.assemblee-nationale.fr/dyn/docs/PRJLANR5L17BTA0227.raw,https://www.legifrance.gouv.fr/jorf/id/JORFTEXT000053508155,https://www.assemblee-nationale.fr/dyn/docs/PRJLANR5L17BTA0227.raw
1776,fiscal,Redevances sanitaires d’abattage et de découpage,49327696,https://www.legifrance.gouv.fr/jorf/id/JORFTEXT000053508155,https://www.assemblee-nationale.fr/dyn/docs/PRJLANR5L17BTA0227.raw,https://www.legifrance.gouv.fr/jorf/id/JORFTEXT000053508155,https://www.assemblee-nationale.fr/dyn/docs/PRJLANR5L17BTA0227.raw
1777,fiscal,Taxe sur certaines dépenses de publicité,14931000,https://www.legifrance.gouv.fr/jorf/id/JORFTEXT000053508155,https://www.assemblee-nationale.fr/dyn/docs/PRJLANR5L17BTA0227.raw,https://www.legifrance.gouv.fr/jorf/id/JORFTEXT000053508155,https://www.assemblee-nationale.fr/dyn/docs/PRJLANR5L17BTA0227.raw
1780,fiscal,Taxe de l’aviation civile,0,https://www.legifrance.gouv.fr/jorf/id/JORFTEXT000053508155,https://www.assemblee-nationale.fr/dyn/docs/PRJLANR5L17BTA0227.raw,https://www.legifrance.gouv.fr/jorf/id/JORFTEXT000053508155,https://www.assemblee-nationale.fr/dyn/docs/PRJLANR5L17BTA0227.raw
1781,fiscal,Taxe sur les installations nucléaires de base,683000000,https://www.legifrance.gouv.fr/jorf/id/JORFTEXT000053508155,https://www.assemblee-nationale.fr/dyn/docs/PRJLANR5L17BTA0227.raw,https://www.legifrance.gouv.fr/jorf/id/JORFTEXT000053508155,https://www.assemblee-nationale.fr/dyn/docs/PRJLANR5L17BTA0227.raw
1782,fiscal,Taxes sur les stations et liaisons radioélectriques privées,23560308,https://www.legifrance.gouv.fr/jorf/id/JORFTEXT000053508155,https://www.assemblee-nationale.fr/dyn/docs/PRJLANR5L17BTA0227.raw,https://www.legifrance.gouv.fr/jorf/id/JORFTEXT000053508155,https://www.assemblee-nationale.fr/dyn/docs/PRJLANR5L17BTA0227.raw
1785,fiscal,Produits des jeux exploités par la Française des jeux (hors paris sportifs),3233000000,https://www.legifrance.gouv.fr/jorf/id/JORFTEXT000053508155,https://www.assemblee-nationale.fr/dyn/docs/PRJLANR5L17BTA0227.raw,https://www.legifrance.gouv.fr/jorf/id/JORFTEXT000053508155,https://www.assemblee-nationale.fr/dyn/docs/PRJLANR5L17BTA0227.raw
1786,fiscal,Prélèvements sur le produit des jeux dans les casinos,991544429,https://www.legifrance.gouv.fr/jorf/id/JORFTEXT000053508155,https://www.assemblee-nationale.fr/dyn/docs/PRJLANR5L17BTA0227.raw,https://www.legifrance.gouv.fr/jorf/id/JORFTEXT000053508155,https://www.assemblee-nationale.fr/dyn/docs/PRJLANR5L17BTA0227.raw
1787,fiscal,Prélèvement sur le produit brut des paris hippiques,434990196,https://www.legifrance.gouv.fr/jorf/id/JORFTEXT000053508155,https://www.assemblee-nationale.fr/dyn/docs/PRJLANR5L17BTA0227.raw,https://www.legifrance.gouv.fr/jorf/id/JORFTEXT000053508155,https://www.assemblee-nationale.fr/dyn/docs/PRJLANR5L17BTA0227.raw
1788,fiscal,Prélèvement sur les paris sportifs,1041745542,https://www.legifrance.gouv.fr/jorf/id/JORFTEXT000053508155,https://www.assemblee-nationale.fr/dyn/docs/PRJLANR5L17BTA0227.raw,https://www.legifrance.gouv.fr/jorf/id/JORFTEXT000053508155,https://www.assemblee-nationale.fr/dyn/docs/PRJLANR5L17BTA0227.raw
1789,fiscal,Prélèvement sur les jeux de cercle en ligne,125826524,https://www.legifrance.gouv.fr/jorf/id/JORFTEXT000053508155,https://www.assemblee-nationale.fr/dyn/docs/PRJLANR5L17BTA0227.raw,https://www.legifrance.gouv.fr/jorf/id/JORFTEXT000053508155,https://www.assemblee-nationale.fr/dyn/docs/PRJLANR5L17BTA0227.raw
1790,fiscal,Redevance sur les paris hippiques en ligne,0,https://www.legifrance.gouv.fr/jorf/id/JORFTEXT000053508155,https://www.assemblee-nationale.fr/dyn/docs/PRJLANR5L17BTA0227.raw,https://www.legifrance.gouv.fr/jorf/id/JORFTEXT000053508155,https://www.assemblee-nationale.fr/dyn/docs/PRJLANR5L17BTA0227.raw
1796,fiscal,Taxe sur les rachats d’actions,200000000,https://www.legifrance.gouv.fr/jorf/id/JORFTEXT000053508155,https://www.assemblee-nationale.fr/dyn/docs/PRJLANR5L17BTA0227.raw,https://www.legifrance.gouv.fr/jorf/id/JORFTEXT000053508155,https://www.assemblee-nationale.fr/dyn/docs/PRJLANR5L17BTA0227.raw
1797,fiscal,Taxe sur les transactions financières,2630000000,https://www.legifrance.gouv.fr/jorf/id/JORFTEXT000053508155,https://www.assemblee-nationale.fr/dyn/docs/PRJLANR5L17BTA0227.raw,https://www.legifrance.gouv.fr/jorf/id/JORFTEXT000053508155,https://www.assemblee-nationale.fr/dyn/docs/PRJLANR5L17BTA0227.raw
1798,fiscal,Impositions forfaitaires sur les entreprises de réseaux (affectation temporaire à l’État en 2010),0,https://www.legifrance.gouv.fr/jorf/id/JORFTEXT000053508155,https://www.assemblee-nationale.fr/dyn/docs/PRJLANR5L17BTA0227.raw,https://www.legifrance.gouv.fr/jorf/id/JORFTEXT000053508155,https://www.assemblee-nationale.fr/dyn/docs/PRJLANR5L17BTA0227.raw
1799,fiscal,Autres taxes,4926699089,https://www.legifrance.gouv.fr/jorf/id/JORFTEXT000053508155,https://www.assemblee-nationale.fr/dyn/docs/PRJLANR5L17BTA0227.raw,https://www.legifrance.gouv.fr/jorf/id/JORFTEXT000053508155,https://www.assemblee-nationale.fr/dyn/docs/PRJLANR5L17BTA0227.raw
2110,non_fiscal,Produits des participations de l’État dans des entreprises financières,1257454531,https://www.legifrance.gouv.fr/jorf/id/JORFTEXT000053508155,https://www.assemblee-nationale.fr/dyn/docs/PRJLANR5L17BTA0227.raw,https://www.legifrance.gouv.fr/jorf/id/JORFTEXT000053508155,https://www.assemblee-nationale.fr/dyn/docs/PRJLANR5L17BTA0227.raw
2116,non_fiscal,Produits des participations de l’État dans des entreprises non financières et bénéfices des établissements publics non financiers,3911700000,https://www.legifrance.gouv.fr/jorf/id/JORFTEXT000053508155,https://www.assemblee-nationale.fr/dyn/docs/PRJLANR5L17BTA0227.raw,https://www.legifrance.gouv.fr/jorf/id/JORFTEXT000053508155,https://www.assemblee-nationale.fr/dyn/docs/PRJLANR5L17BTA0227.raw
2199,non_fiscal,Autres dividendes et recettes assimilées,6058036,https://www.legifrance.gouv.fr/jorf/id/JORFTEXT000053508155,https://www.assemblee-nationale.fr/dyn/docs/PRJLANR5L17BTA0227.raw,https://www.legifrance.gouv.fr/jorf/id/JORFTEXT000053508155,https://www.assemblee-nationale.fr/dyn/docs/PRJLANR5L17BTA0227.raw
2201,non_fiscal,Revenus du domaine public non militaire,600000000,https://www.legifrance.gouv.fr/jorf/id/JORFTEXT000053508155,https://www.assemblee-nationale.fr/dyn/docs/PRJLANR5L17BTA0227.raw,https://www.legifrance.gouv.fr/jorf/id/JORFTEXT000053508155,https://www.assemblee-nationale.fr/dyn/docs/PRJLANR5L17BTA0227.raw
2202,non_fiscal,Autres revenus du domaine public,9000000,https://www.legifrance.gouv.fr/jorf/id/JORFTEXT000053508155,https://www.assemblee-nationale.fr/dyn/docs/PRJLANR5L17BTA0227.raw,https://www.legifrance.gouv.fr/jorf/id/JORFTEXT000053508155,https://www.assemblee-nationale.fr/dyn/docs/PRJLANR5L17BTA0227.raw
2203,non_fiscal,Revenus du domaine privé,314152593,https://www.legifrance.gouv.fr/jorf/id/JORFTEXT000053508155,https://www.assemblee-nationale.fr/dyn/docs/PRJLANR5L17BTA0227.raw,https://www.legifrance.gouv.fr/jorf/id/JORFTEXT000053508155,https://www.assemblee-nationale.fr/dyn/docs/PRJLANR5L17BTA0227.raw
2204,non_fiscal,Redevances d’usage des fréquences radioélectriques,434666667,https://www.legifrance.gouv.fr/jorf/id/JORFTEXT000053508155,https://www.assemblee-nationale.fr/dyn/docs/PRJLANR5L17BTA0227.raw,https://www.legifrance.gouv.fr/jorf/id/JORFTEXT000053508155,https://www.assemblee-nationale.fr/dyn/docs/PRJLANR5L17BTA0227.raw
2209,non_fiscal,Paiement par les administrations de leurs loyers budgétaires,0,https://www.legifrance.gouv.fr/jorf/id/JORFTEXT000053508155,https://www.assemblee-nationale.fr/dyn/docs/PRJLANR5L17BTA0227.raw,https://www.legifrance.gouv.fr/jorf/id/JORFTEXT000053508155,https://www.assemblee-nationale.fr/dyn/docs/PRJLANR5L17BTA0227.raw
2211,non_fiscal,Produit de la cession d’éléments du patrimoine immobilier de l’État,0,https://www.legifrance.gouv.fr/jorf/id/JORFTEXT000053508155,https://www.assemblee-nationale.fr/dyn/docs/PRJLANR5L17BTA0227.raw,https://www.legifrance.gouv.fr/jorf/id/JORFTEXT000053508155,https://www.assemblee-nationale.fr/dyn/docs/PRJLANR5L17BTA0227.raw
2212,non_fiscal,Autres produits de cessions d’actifs,0,https://www.legifrance.gouv.fr/jorf/id/JORFTEXT000053508155,https://www.assemblee-nationale.fr/dyn/docs/PRJLANR5L17BTA0227.raw,https://www.legifrance.gouv.fr/jorf/id/JORFTEXT000053508155,https://www.assemblee-nationale.fr/dyn/docs/PRJLANR5L17BTA0227.raw
2299,non_fiscal,Autres revenus du Domaine,2000000,https://www.legifrance.gouv.fr/jorf/id/JORFTEXT000053508155,https://www.assemblee-nationale.fr/dyn/docs/PRJLANR5L17BTA0227.raw,https://www.legifrance.gouv.fr/jorf/id/JORFTEXT000053508155,https://www.assemblee-nationale.fr/dyn/docs/PRJLANR5L17BTA0227.raw
2301,non_fiscal,Remboursement par l’Union européenne des frais d’assiette et de perception des impôts et taxes perçus au profit de son budget,677333333,https://www.legifrance.gouv.fr/jorf/id/JORFTEXT000053508155,https://www.assemblee-nationale.fr/dyn/docs/PRJLANR5L17BTA0227.raw,https://www.legifrance.gouv.fr/jorf/id/JORFTEXT000053508155,https://www.assemblee-nationale.fr/dyn/docs/PRJLANR5L17BTA0227.raw
2303,non_fiscal,Autres frais d’assiette et de recouvrement,995750997,https://www.legifrance.gouv.fr/jorf/id/JORFTEXT000053508155,https://www.assemblee-nationale.fr/dyn/docs/PRJLANR5L17BTA0227.raw,https://www.legifrance.gouv.fr/jorf/id/JORFTEXT000053508155,https://www.assemblee-nationale.fr/dyn/docs/PRJLANR5L17BTA0227.raw
2304,non_fiscal,Rémunération des prestations assurées par les services du Trésor public au titre de la collecte de l’épargne,33719302,https://www.legifrance.gouv.fr/jorf/id/JORFTEXT000053508155,https://www.assemblee-nationale.fr/dyn/docs/PRJLANR5L17BTA0227.raw,https://www.legifrance.gouv.fr/jorf/id/JORFTEXT000053508155,https://www.assemblee-nationale.fr/dyn/docs/PRJLANR5L17BTA0227.raw
2305,non_fiscal,Produits de la vente de divers biens,21630,https://www.legifrance.gouv.fr/jorf/id/JORFTEXT000053508155,https://www.assemblee-nationale.fr/dyn/docs/PRJLANR5L17BTA0227.raw,https://www.legifrance.gouv.fr/jorf/id/JORFTEXT000053508155,https://www.assemblee-nationale.fr/dyn/docs/PRJLANR5L17BTA0227.raw
2306,non_fiscal,Produits de la vente de divers services,3649187,https://www.legifrance.gouv.fr/jorf/id/JORFTEXT000053508155,https://www.assemblee-nationale.fr/dyn/docs/PRJLANR5L17BTA0227.raw,https://www.legifrance.gouv.fr/jorf/id/JORFTEXT000053508155,https://www.assemblee-nationale.fr/dyn/docs/PRJLANR5L17BTA0227.raw
2399,non_fiscal,Autres recettes diverses,814664347,https://www.legifrance.gouv.fr/jorf/id/JORFTEXT000053508155,https://www.assemblee-nationale.fr/dyn/docs/PRJLANR5L17BTA0227.raw,https://www.legifrance.gouv.fr/jorf/id/JORFTEXT000053508155,https://www.assemblee-nationale.fr/dyn/docs/PRJLANR5L17BTA0227.raw
2401,non_fiscal,Intérêts des prêts à des banques et à des États étrangers,216427403,https://www.legifrance.gouv.fr/jorf/id/JORFTEXT000053508155,https://www.assemblee-nationale.fr/dyn/docs/PRJLANR5L17BTA0227.raw,https://www.legifrance.gouv.fr/jorf/id/JORFTEXT000053508155,https://www.assemblee-nationale.fr/dyn/docs/PRJLANR5L17BTA0227.raw
2402,non_fiscal,Intérêts des prêts du fonds de développement économique et social,26383753,https://www.legifrance.gouv.fr/jorf/id/JORFTEXT000053508155,https://www.assemblee-nationale.fr/dyn/docs/PRJLANR5L17BTA0227.raw,https://www.legifrance.gouv.fr/jorf/id/JORFTEXT000053508155,https://www.assemblee-nationale.fr/dyn/docs/PRJLANR5L17BTA0227.raw
2403,non_fiscal,Prêts et avances à divers services de l’État ou organismes gérant des services publics,46259644,https://www.legifrance.gouv.fr/jorf/id/JORFTEXT000053508155,https://www.assemblee-nationale.fr/dyn/docs/PRJLANR5L17BTA0227.raw,https://www.legifrance.gouv.fr/jorf/id/JORFTEXT000053508155,https://www.assemblee-nationale.fr/dyn/docs/PRJLANR5L17BTA0227.raw
2409,non_fiscal,Intérêts des autres prêts et avances,163242000,https://www.legifrance.gouv.fr/jorf/id/JORFTEXT000053508155,https://www.assemblee-nationale.fr/dyn/docs/PRJLANR5L17BTA0227.raw,https://www.legifrance.gouv.fr/jorf/id/JORFTEXT000053508155,https://www.assemblee-nationale.fr/dyn/docs/PRJLANR5L17BTA0227.raw
2411,non_fiscal,Avances remboursables sous conditions consenties à l’aviation civile,184000000,https://www.legifrance.gouv.fr/jorf/id/JORFTEXT000053508155,https://www.assemblee-nationale.fr/dyn/docs/PRJLANR5L17BTA0227.raw,https://www.legifrance.gouv.fr/jorf/id/JORFTEXT000053508155,https://www.assemblee-nationale.fr/dyn/docs/PRJLANR5L17BTA0227.raw
2412,non_fiscal,Autres avances remboursables sous conditions,0,https://www.legifrance.gouv.fr/jorf/id/JORFTEXT000053508155,https://www.assemblee-nationale.fr/dyn/docs/PRJLANR5L17BTA0227.raw,https://www.legifrance.gouv.fr/jorf/id/JORFTEXT000053508155,https://www.assemblee-nationale.fr/dyn/docs/PRJLANR5L17BTA0227.raw
2413,non_fiscal,Reversement au titre des créances garanties par l’État,13483162,https://www.legifrance.gouv.fr/jorf/id/JORFTEXT000053508155,https://www.assemblee-nationale.fr/dyn/docs/PRJLANR5L17BTA0227.raw,https://www.legifrance.gouv.fr/jorf/id/JORFTEXT000053508155,https://www.assemblee-nationale.fr/dyn/docs/PRJLANR5L17BTA0227.raw
2499,non_fiscal,"Autres remboursements d’avances, de prêts et d’autres créances immobilisées",7213917997,https://www.legifrance.gouv.fr/jorf/id/JORFTEXT000053508155,https://www.assemblee-nationale.fr/dyn/docs/PRJLANR5L17BTA0227.raw,https://www.legifrance.gouv.fr/jorf/id/JORFTEXT000053508155,https://www.assemblee-nationale.fr/dyn/docs/PRJLANR5L17BTA0227.raw
2501,non_fiscal,Produits des amendes de la police de la circulation et du stationnement routiers,796444287,https://www.legifrance.gouv.fr/jorf/id/JORFTEXT000053508155,https://www.assemblee-nationale.fr/dyn/docs/PRJLANR5L17BTA0227.raw,https://www.legifrance.gouv.fr/jorf/id/JORFTEXT000053508155,https://www.assemblee-nationale.fr/dyn/docs/PRJLANR5L17BTA0227.raw
2502,non_fiscal,Produits des amendes prononcées par les autorités de la concurrence,708326831,https://www.legifrance.gouv.fr/jorf/id/JORFTEXT000053508155,https://www.assemblee-nationale.fr/dyn/docs/PRJLANR5L17BTA0227.raw,https://www.legifrance.gouv.fr/jorf/id/JORFTEXT000053508155,https://www.assemblee-nationale.fr/dyn/docs/PRJLANR5L17BTA0227.raw
2503,non_fiscal,Produits des amendes prononcées par les autres autorités administratives indépendantes,114322164,https://www.legifrance.gouv.fr/jorf/id/JORFTEXT000053508155,https://www.assemblee-nationale.fr/dyn/docs/PRJLANR5L17BTA0227.raw,https://www.legifrance.gouv.fr/jorf/id/JORFTEXT000053508155,https://www.assemblee-nationale.fr/dyn/docs/PRJLANR5L17BTA0227.raw
2504,non_fiscal,Recouvrements poursuivis à l’initiative de l’agence judiciaire de l’État,11815651,https://www.legifrance.gouv.fr/jorf/id/JORFTEXT000053508155,https://www.assemblee-nationale.fr/dyn/docs/PRJLANR5L17BTA0227.raw,https://www.legifrance.gouv.fr/jorf/id/JORFTEXT000053508155,https://www.assemblee-nationale.fr/dyn/docs/PRJLANR5L17BTA0227.raw
2505,non_fiscal,Produit des autres amendes et condamnations pécuniaires,1048281302,https://www.legifrance.gouv.fr/jorf/id/JORFTEXT000053508155,https://www.assemblee-nationale.fr/dyn/docs/PRJLANR5L17BTA0227.raw,https://www.legifrance.gouv.fr/jorf/id/JORFTEXT000053508155,https://www.assemblee-nationale.fr/dyn/docs/PRJLANR5L17BTA0227.raw
2510,non_fiscal,Frais de poursuite,5051373,https://www.legifrance.gouv.fr/jorf/id/JORFTEXT000053508155,https://www.assemblee-nationale.fr/dyn/docs/PRJLANR5L17BTA0227.raw,https://www.legifrance.gouv.fr/jorf/id/JORFTEXT000053508155,https://www.assemblee-nationale.fr/dyn/docs/PRJLANR5L17BTA0227.raw
2511,non_fiscal,Frais de justice et d’instance,7503411,https://www.legifrance.gouv.fr/jorf/id/JORFTEXT000053508155,https://www.assemblee-nationale.fr/dyn/docs/PRJLANR5L17BTA0227.raw,https://www.legifrance.gouv.fr/jorf/id/JORFTEXT000053508155,https://www.assemblee-nationale.fr/dyn/docs/PRJLANR5L17BTA0227.raw
2512,non_fiscal,Intérêts moratoires,17292,https://www.legifrance.gouv.fr/jorf/id/JORFTEXT000053508155,https://www.assemblee-nationale.fr/dyn/docs/PRJLANR5L17BTA0227.raw,https://www.legifrance.gouv.fr/jorf/id/JORFTEXT000053508155,https://www.assemblee-nationale.fr/dyn/docs/PRJLANR5L17BTA0227.raw
2513,non_fiscal,Pénalités,4108274,https://www.legifrance.gouv.fr/jorf/id/JORFTEXT000053508155,https://www.assemblee-nationale.fr/dyn/docs/PRJLANR5L17BTA0227.raw,https://www.legifrance.gouv.fr/jorf/id/JORFTEXT000053508155,https://www.assemblee-nationale.fr/dyn/docs/PRJLANR5L17BTA0227.raw
2601,non_fiscal,Reversements de Natixis,0,https://www.legifrance.gouv.fr/jorf/id/JORFTEXT000053508155,https://www.assemblee-nationale.fr/dyn/docs/PRJLANR5L17BTA0227.raw,https://www.legifrance.gouv.fr/jorf/id/JORFTEXT000053508155,https://www.assemblee-nationale.fr/dyn/docs/PRJLANR5L17BTA0227.raw
2602,non_fiscal,Reversements au titre des procédures de soutien financier au commerce extérieur,401700000,https://www.legifrance.gouv.fr/jorf/id/JORFTEXT000053508155,https://www.assemblee-nationale.fr/dyn/docs/PRJLANR5L17BTA0227.raw,https://www.legifrance.gouv.fr/jorf/id/JORFTEXT000053508155,https://www.assemblee-nationale.fr/dyn/docs/PRJLANR5L17BTA0227.raw
2603,non_fiscal,Prélèvements sur les fonds d’épargne gérés par la Caisse des dépôts et consignations,790000000,https://www.legifrance.gouv.fr/jorf/id/JORFTEXT000053508155,https://www.assemblee-nationale.fr/dyn/docs/PRJLANR5L17BTA0227.raw,https://www.legifrance.gouv.fr/jorf/id/JORFTEXT000053508155,https://www.assemblee-nationale.fr/dyn/docs/PRJLANR5L17BTA0227.raw
2604,non_fiscal,Divers produits de la rémunération de la garantie de l’État,329720000,https://www.legifrance.gouv.fr/jorf/id/JORFTEXT000053508155,https://www.assemblee-nationale.fr/dyn/docs/PRJLANR5L17BTA0227.raw,https://www.legifrance.gouv.fr/jorf/id/JORFTEXT000053508155,https://www.assemblee-nationale.fr/dyn/docs/PRJLANR5L17BTA0227.raw
2611,non_fiscal,Produits des chancelleries diplomatiques et consulaires,289355000,https://www.legifrance.gouv.fr/jorf/id/JORFTEXT000053508155,https://www.assemblee-nationale.fr/dyn/docs/PRJLANR5L17BTA0227.raw,https://www.legifrance.gouv.fr/jorf/id/JORFTEXT000053508155,https://www.assemblee-nationale.fr/dyn/docs/PRJLANR5L17BTA0227.raw
2612,non_fiscal,Redevances et divers produits pour frais de contrôle et de gestion,13810903,https://www.legifrance.gouv.fr/jorf/id/JORFTEXT000053508155,https://www.assemblee-nationale.fr/dyn/docs/PRJLANR5L17BTA0227.raw,https://www.legifrance.gouv.fr/jorf/id/JORFTEXT000053508155,https://www.assemblee-nationale.fr/dyn/docs/PRJLANR5L17BTA0227.raw
2613,non_fiscal,Prélèvement effectué sur les salaires des conservateurs des hypothèques,3938,https://www.legifrance.gouv.fr/jorf/id/JORFTEXT000053508155,https://www.assemblee-nationale.fr/dyn/docs/PRJLANR5L17BTA0227.raw,https://www.legifrance.gouv.fr/jorf/id/JORFTEXT000053508155,https://www.assemblee-nationale.fr/dyn/docs/PRJLANR5L17BTA0227.raw
2614,non_fiscal,Prélèvements effectués dans le cadre de la directive épargne,0,https://www.legifrance.gouv.fr/jorf/id/JORFTEXT000053508155,https://www.assemblee-nationale.fr/dyn/docs/PRJLANR5L17BTA0227.raw,https://www.legifrance.gouv.fr/jorf/id/JORFTEXT000053508155,https://www.assemblee-nationale.fr/dyn/docs/PRJLANR5L17BTA0227.raw
2615,non_fiscal,Commissions et frais de trésorerie perçus par l’État dans le cadre de son activité régalienne,32628,https://www.legifrance.gouv.fr/jorf/id/JORFTEXT000053508155,https://www.assemblee-nationale.fr/dyn/docs/PRJLANR5L17BTA0227.raw,https://www.legifrance.gouv.fr/jorf/id/JORFTEXT000053508155,https://www.assemblee-nationale.fr/dyn/docs/PRJLANR5L17BTA0227.raw
2616,non_fiscal,Frais d’inscription,7076744,https://www.legifrance.gouv.fr/jorf/id/JORFTEXT000053508155,https://www.assemblee-nationale.fr/dyn/docs/PRJLANR5L17BTA0227.raw,https://www.legifrance.gouv.fr/jorf/id/JORFTEXT000053508155,https://www.assemblee-nationale.fr/dyn/docs/PRJLANR5L17BTA0227.raw
2617,non_fiscal,Recouvrement des indemnisations versées par l’État au titre des expulsions locatives,6262809,https://www.legifrance.gouv.fr/jorf/id/JORFTEXT000053508155,https://www.assemblee-nationale.fr/dyn/docs/PRJLANR5L17BTA0227.raw,https://www.legifrance.gouv.fr/jorf/id/JORFTEXT000053508155,https://www.assemblee-nationale.fr/dyn/docs/PRJLANR5L17BTA0227.raw
2618,non_fiscal,Remboursement des frais de scolarité et accessoires,5752308,https://www.legifrance.gouv.fr/jorf/id/JORFTEXT000053508155,https://www.assemblee-nationale.fr/dyn/docs/PRJLANR5L17BTA0227.raw,https://www.legifrance.gouv.fr/jorf/id/JORFTEXT000053508155,https://www.assemblee-nationale.fr/dyn/docs/PRJLANR5L17BTA0227.raw
2620,non_fiscal,Récupération d’indus,63324964,https://www.legifrance.gouv.fr/jorf/id/JORFTEXT000053508155,https://www.assemblee-nationale.fr/dyn/docs/PRJLANR5L17BTA0227.raw,https://www.legifrance.gouv.fr/jorf/id/JORFTEXT000053508155,https://www.assemblee-nationale.fr/dyn/docs/PRJLANR5L17BTA0227.raw
2621,non_fiscal,Recouvrements après admission en non-valeur,125082363,https://www.legifrance.gouv.fr/jorf/id/JORFTEXT000053508155,https://www.assemblee-nationale.fr/dyn/docs/PRJLANR5L17BTA0227.raw,https://www.legifrance.gouv.fr/jorf/id/JORFTEXT000053508155,https://www.assemblee-nationale.fr/dyn/docs/PRJLANR5L17BTA0227.raw
2622,non_fiscal,Divers versements de l’Union européenne,6140000000,https://www.legifrance.gouv.fr/jorf/id/JORFTEXT000053508155,https://www.assemblee-nationale.fr/dyn/docs/PRJLANR5L17BTA0227.raw,https://www.legifrance.gouv.fr/jorf/id/JORFTEXT000053508155,https://www.assemblee-nationale.fr/dyn/docs/PRJLANR5L17BTA0227.raw
2623,non_fiscal,Reversements de fonds sur les dépenses des ministères ne donnant pas lieu à rétablissement de crédits,101012363,https://www.legifrance.gouv.fr/jorf/id/JORFTEXT000053508155,https://www.assemblee-nationale.fr/dyn/docs/PRJLANR5L17BTA0227.raw,https://www.legifrance.gouv.fr/jorf/id/JORFTEXT000053508155,https://www.assemblee-nationale.fr/dyn/docs/PRJLANR5L17BTA0227.raw
2624,non_fiscal,Intérêts divers (hors immobilisations financières),51849207,https://www.legifrance.gouv.fr/jorf/id/JORFTEXT000053508155,https://www.assemblee-nationale.fr/dyn/docs/PRJLANR5L17BTA0227.raw,https://www.legifrance.gouv.fr/jorf/id/JORFTEXT000053508155,https://www.assemblee-nationale.fr/dyn/docs/PRJLANR5L17BTA0227.raw
2625,non_fiscal,Recettes diverses en provenance de l’étranger,3439916,https://www.legifrance.gouv.fr/jorf/id/JORFTEXT000053508155,https://www.assemblee-nationale.fr/dyn/docs/PRJLANR5L17BTA0227.raw,https://www.legifrance.gouv.fr/jorf/id/JORFTEXT000053508155,https://www.assemblee-nationale.fr/dyn/docs/PRJLANR5L17BTA0227.raw
2626,non_fiscal,Remboursement de certaines exonérations de taxe foncière sur les propriétés non bâties (art. 109 de la loi de finances pour 1992),3963753,https://www.legifrance.gouv.fr/jorf/id/JORFTEXT000053508155,https://www.assemblee-nationale.fr/dyn/docs/PRJLANR5L17BTA0227.raw,https://www.legifrance.gouv.fr/jorf/id/JORFTEXT000053508155,https://www.assemblee-nationale.fr/dyn/docs/PRJLANR5L17BTA0227.raw
2627,non_fiscal,Soulte sur reprise de dette et recettes assimilées,0,https://www.legifrance.gouv.fr/jorf/id/JORFTEXT000053508155,https://www.assemblee-nationale.fr/dyn/docs/PRJLANR5L17BTA0227.raw,https://www.legifrance.gouv.fr/jorf/id/JORFTEXT000053508155,https://www.assemblee-nationale.fr/dyn/docs/PRJLANR5L17BTA0227.raw
2697,non_fiscal,Recettes accidentelles,378114827,https://www.legifrance.gouv.fr/jorf/id/JORFTEXT000053508155,https://www.assemblee-nationale.fr/dyn/docs/PRJLANR5L17BTA0227.raw,https://www.legifrance.gouv.fr/jorf/id/JORFTEXT000053508155,https://www.assemblee-nationale.fr/dyn/docs/PRJLANR5L17BTA0227.raw
2698,non_fiscal,Produits divers,106000000,https://www.legifrance.gouv.fr/jorf/id/JORFTEXT000053508155,https://www.assemblee-nationale.fr/dyn/docs/PRJLANR5L17BTA0227.raw,https://www.legifrance.gouv.fr/jorf/id/JORFTEXT000053508155,https://www.assemblee-nationale.fr/dyn/docs/PRJLANR5L17BTA0227.raw
2699,non_fiscal,Autres produits divers,463847213,https://www.legifrance.gouv.fr/jorf/id/JORFTEXT000053508155,https://www.assemblee-nationale.fr/dyn/docs/PRJLANR5L17BTA0227.raw,https://www.legifrance.gouv.fr/jorf/id/JORFTEXT000053508155,https://www.assemblee-nationale.fr/dyn/docs/PRJLANR5L17BTA0227.raw
3101,prelevements_sur_recettes,Prélèvement sur les recettes de l’État au titre de la dotation globale de fonctionnement,27405973591,https://www.legifrance.gouv.fr/jorf/id/JORFTEXT000053508155,https://www.assemblee-nationale.fr/dyn/docs/PRJLANR5L17BTA0227.raw,https://www.legifrance.gouv.fr/jorf/id/JORFTEXT000053508155,https://www.assemblee-nationale.fr/dyn/docs/PRJLANR5L17BTA0227.raw
3103,prelevements_sur_recettes,Prélèvement sur les recettes de l’État au titre de la dotation spéciale pour le logement des instituteurs,3575438,https://www.legifrance.gouv.fr/jorf/id/JORFTEXT000053508155,https://www.assemblee-nationale.fr/dyn/docs/PRJLANR5L17BTA0227.raw,https://www.legifrance.gouv.fr/jorf/id/JORFTEXT000053508155,https://www.assemblee-nationale.fr/dyn/docs/PRJLANR5L17BTA0227.raw
3104,prelevements_sur_recettes,Dotation de compensation des pertes de bases de la taxe professionnelle et de redevance des mines des communes et de leurs groupements,15000000,https://www.legifrance.gouv.fr/jorf/id/JORFTEXT000053508155,https://www.assemblee-nationale.fr/dyn/docs/PRJLANR5L17BTA0227.raw,https://www.legifrance.gouv.fr/jorf/id/JORFTEXT000053508155,https://www.assemblee-nationale.fr/dyn/docs/PRJLANR5L17BTA0227.raw
3106,prelevements_sur_recettes,Prélèvement sur les recettes de l’État au profit du fonds de compensation pour la taxe sur la valeur ajoutée (FCTVA),7866719297,https://www.legifrance.gouv.fr/jorf/id/JORFTEXT000053508155,https://www.assemblee-nationale.fr/dyn/docs/PRJLANR5L17BTA0227.raw,https://www.legifrance.gouv.fr/jorf/id/JORFTEXT000053508155,https://www.assemblee-nationale.fr/dyn/docs/PRJLANR5L17BTA0227.raw
3107,prelevements_sur_recettes,Prélèvement sur les recettes de l’État au titre de la compensation d’exonérations relatives à la fiscalité locale,896979349,https://www.legifrance.gouv.fr/jorf/id/JORFTEXT000053508155,https://www.assemblee-nationale.fr/dyn/docs/PRJLANR5L17BTA0227.raw,https://www.legifrance.gouv.fr/jorf/id/JORFTEXT000053508155,https://www.assemblee-nationale.fr/dyn/docs/PRJLANR5L17BTA0227.raw
3108,prelevements_sur_recettes,Dotation élu local,183000000,https://www.legifrance.gouv.fr/jorf/id/JORFTEXT000053508155,https://www.assemblee-nationale.fr/dyn/docs/PRJLANR5L17BTA0227.raw,https://www.legifrance.gouv.fr/jorf/id/JORFTEXT000053508155,https://www.assemblee-nationale.fr/dyn/docs/PRJLANR5L17BTA0227.raw
3109,prelevements_sur_recettes,Prélèvement sur les recettes de l’État au profit de la collectivité de Corse,42946742,https://www.legifrance.gouv.fr/jorf/id/JORFTEXT000053508155,https://www.assemblee-nationale.fr/dyn/docs/PRJLANR5L17BTA0227.raw,https://www.legifrance.gouv.fr/jorf/id/JORFTEXT000053508155,https://www.assemblee-nationale.fr/dyn/docs/PRJLANR5L17BTA0227.raw
3111,prelevements_sur_recettes,Fonds de mobilisation départementale pour l’insertion,431738376,https://www.legifrance.gouv.fr/jorf/id/JORFTEXT000053508155,https://www.assemblee-nationale.fr/dyn/docs/PRJLANR5L17BTA0227.raw,https://www.legifrance.gouv.fr/jorf/id/JORFTEXT000053508155,https://www.assemblee-nationale.fr/dyn/docs/PRJLANR5L17BTA0227.raw
3112,prelevements_sur_recettes,Dotation départementale d’équipement des collèges,326317000,https://www.legifrance.gouv.fr/jorf/id/JORFTEXT000053508155,https://www.assemblee-nationale.fr/dyn/docs/PRJLANR5L17BTA0227.raw,https://www.legifrance.gouv.fr/jorf/id/JORFTEXT000053508155,https://www.assemblee-nationale.fr/dyn/docs/PRJLANR5L17BTA0227.raw
3113,prelevements_sur_recettes,Dotation régionale d’équipement scolaire,661186000,https://www.legifrance.gouv.fr/jorf/id/JORFTEXT000053508155,https://www.assemblee-nationale.fr/dyn/docs/PRJLANR5L17BTA0227.raw,https://www.legifrance.gouv.fr/jorf/id/JORFTEXT000053508155,https://www.assemblee-nationale.fr/dyn/docs/PRJLANR5L17BTA0227.raw
3118,prelevements_sur_recettes,Dotation globale de construction et d’équipement scolaire,2686000,https://www.legifrance.gouv.fr/jorf/id/JORFTEXT000053508155,https://www.assemblee-nationale.fr/dyn/docs/PRJLANR5L17BTA0227.raw,https://www.legifrance.gouv.fr/jorf/id/JORFTEXT000053508155,https://www.assemblee-nationale.fr/dyn/docs/PRJLANR5L17BTA0227.raw
3119,prelevements_sur_recettes,Dotation de compensation de la réforme de la taxe professionnelle (régions),97697769,https://www.legifrance.gouv.fr/jorf/id/JORFTEXT000053508155,https://www.assemblee-nationale.fr/dyn/docs/PRJLANR5L17BTA0227.raw,https://www.legifrance.gouv.fr/jorf/id/JORFTEXT000053508155,https://www.assemblee-nationale.fr/dyn/docs/PRJLANR5L17BTA0227.raw
3120,prelevements_sur_recettes,Dotation de compensation de la réforme de la taxe professionnelle (départements),1174315500,https://www.legifrance.gouv.fr/jorf/id/JORFTEXT000053508155,https://www.assemblee-nationale.fr/dyn/docs/PRJLANR5L17BTA0227.raw,https://www.legifrance.gouv.fr/jorf/id/JORFTEXT000053508155,https://www.assemblee-nationale.fr/dyn/docs/PRJLANR5L17BTA0227.raw
3121,prelevements_sur_recettes,Dotation de compensation de la réforme de la taxe professionnelle (établissements publics de coopération intercommunale) .,610772436,https://www.legifrance.gouv.fr/jorf/id/JORFTEXT000053508155,https://www.assemblee-nationale.fr/dyn/docs/PRJLANR5L17BTA0227.raw,https://www.legifrance.gouv.fr/jorf/id/JORFTEXT000053508155,https://www.assemblee-nationale.fr/dyn/docs/PRJLANR5L17BTA0227.raw
3122,prelevements_sur_recettes,Dotation de compensation de la réforme de la taxe professionnelle (communes),137455,https://www.legifrance.gouv.fr/jorf/id/JORFTEXT000053508155,https://www.assemblee-nationale.fr/dyn/docs/PRJLANR5L17BTA0227.raw,https://www.legifrance.gouv.fr/jorf/id/JORFTEXT000053508155,https://www.assemblee-nationale.fr/dyn/docs/PRJLANR5L17BTA0227.raw
3123,prelevements_sur_recettes,Dotation pour transferts de compensations d’exonérations de fiscalité directe locale,370103970,https://www.legifrance.gouv.fr/jorf/id/JORFTEXT000053508155,https://www.assemblee-nationale.fr/dyn/docs/PRJLANR5L17BTA0227.raw,https://www.legifrance.gouv.fr/jorf/id/JORFTEXT000053508155,https://www.assemblee-nationale.fr/dyn/docs/PRJLANR5L17BTA0227.raw
3130,prelevements_sur_recettes,Dotation de compensation de la réforme de la taxe sur les logements vacants pour les communes et les établissements publics de coopération intercommunale percevant la taxe d’habitation sur les logements vacants,3308187,https://www.legifrance.gouv.fr/jorf/id/JORFTEXT000053508155,https://www.assemblee-nationale.fr/dyn/docs/PRJLANR5L17BTA0227.raw,https://www.legifrance.gouv.fr/jorf/id/JORFTEXT000053508155,https://www.assemblee-nationale.fr/dyn/docs/PRJLANR5L17BTA0227.raw
3131,prelevements_sur_recettes,Dotation de compensation liée au processus de départementalisation de Mayotte,107000000,https://www.legifrance.gouv.fr/jorf/id/JORFTEXT000053508155,https://www.assemblee-nationale.fr/dyn/docs/PRJLANR5L17BTA0227.raw,https://www.legifrance.gouv.fr/jorf/id/JORFTEXT000053508155,https://www.assemblee-nationale.fr/dyn/docs/PRJLANR5L17BTA0227.raw
3133,prelevements_sur_recettes,Fonds de compensation des nuisances aéroportuaires,6822000,https://www.legifrance.gouv.fr/jorf/id/JORFTEXT000053508155,https://www.assemblee-nationale.fr/dyn/docs/PRJLANR5L17BTA0227.raw,https://www.legifrance.gouv.fr/jorf/id/JORFTEXT000053508155,https://www.assemblee-nationale.fr/dyn/docs/PRJLANR5L17BTA0227.raw
3134,prelevements_sur_recettes,Dotation de garantie des reversements des fonds départementaux de taxe professionnelle,164278401,https://www.legifrance.gouv.fr/jorf/id/JORFTEXT000053508155,https://www.assemblee-nationale.fr/dyn/docs/PRJLANR5L17BTA0227.raw,https://www.legifrance.gouv.fr/jorf/id/JORFTEXT000053508155,https://www.assemblee-nationale.fr/dyn/docs/PRJLANR5L17BTA0227.raw
3135,prelevements_sur_recettes,Prélèvement sur les recettes de l’État au titre de la compensation des pertes de recettes liées au relèvement du seuil d’assujettissement des entreprises au versement transport,48020649,https://www.legifrance.gouv.fr/jorf/id/JORFTEXT000053508155,https://www.assemblee-nationale.fr/dyn/docs/PRJLANR5L17BTA0227.raw,https://www.legifrance.gouv.fr/jorf/id/JORFTEXT000053508155,https://www.assemblee-nationale.fr/dyn/docs/PRJLANR5L17BTA0227.raw
3136,prelevements_sur_recettes,Prélèvement sur les recettes de l’État au profit de la collectivité territoriale de Guyane,27000000,https://www.legifrance.gouv.fr/jorf/id/JORFTEXT000053508155,https://www.assemblee-nationale.fr/dyn/docs/PRJLANR5L17BTA0227.raw,https://www.legifrance.gouv.fr/jorf/id/JORFTEXT000053508155,https://www.assemblee-nationale.fr/dyn/docs/PRJLANR5L17BTA0227.raw
3137,prelevements_sur_recettes,Prélèvement sur les recettes de l’État au profit des régions au titre de la neutralisation financière de la réforme de l’apprentissage,122559085,https://www.legifrance.gouv.fr/jorf/id/JORFTEXT000053508155,https://www.assemblee-nationale.fr/dyn/docs/PRJLANR5L17BTA0227.raw,https://www.legifrance.gouv.fr/jorf/id/JORFTEXT000053508155,https://www.assemblee-nationale.fr/dyn/docs/PRJLANR5L17BTA0227.raw
3138,prelevements_sur_recettes,Prélèvement sur les recettes de l’État au titre de la dotation globale d’autonomie de la Polynésie française,90552000,https://www.legifrance.gouv.fr/jorf/id/JORFTEXT000053508155,https://www.assemblee-nationale.fr/dyn/docs/PRJLANR5L17BTA0227.raw,https://www.legifrance.gouv.fr/jorf/id/JORFTEXT000053508155,https://www.assemblee-nationale.fr/dyn/docs/PRJLANR5L17BTA0227.raw
3145,prelevements_sur_recettes,Prélèvement sur les recettes de l’État au titre de la compensation de la réduction de 50 % des valeurs locatives de taxe foncière sur les propriétés bâties et de cotisation foncière des entreprises des locaux industriels,3983647589,https://www.legifrance.gouv.fr/jorf/id/JORFTEXT000053508155,https://www.assemblee-nationale.fr/dyn/docs/PRJLANR5L17BTA0227.raw,https://www.legifrance.gouv.fr/jorf/id/JORFTEXT000053508155,https://www.assemblee-nationale.fr/dyn/docs/PRJLANR5L17BTA0227.raw
3146,prelevements_sur_recettes,Prélèvement sur les recettes de l’État au titre de la compensation des communes et des établissements publics de coopération intercommunale contributeurs au fonds national de garantie individuelle des ressources (FNGIR) subissant une perte de base de cotisation foncière des entreprises,3000000,https://www.legifrance.gouv.fr/jorf/id/JORFTEXT000053508155,https://www.assemblee-nationale.fr/dyn/docs/PRJLANR5L17BTA0227.raw,https://www.legifrance.gouv.fr/jorf/id/JORFTEXT000053508155,https://www.assemblee-nationale.fr/dyn/docs/PRJLANR5L17BTA0227.raw
3159,prelevements_sur_recettes,Prélèvement sur les recettes de l’État au titre de la compensation de la réforme de 2023 de la taxe sur les logements vacants pour les communes et les établissements publics de coopération intercommunale percevant la taxe d’habitation sur les logements vacants,33366000,https://www.legifrance.gouv.fr/jorf/id/JORFTEXT000053508155,https://www.assemblee-nationale.fr/dyn/docs/PRJLANR5L17BTA0227.raw,https://www.legifrance.gouv.fr/jorf/id/JORFTEXT000053508155,https://www.assemblee-nationale.fr/dyn/docs/PRJLANR5L17BTA0227.raw
3160,prelevements_sur_recettes,Prélèvement sur les recettes de l’État en faveur des communes nouvelles,33201983,https://www.legifrance.gouv.fr/jorf/id/JORFTEXT000053508155,https://www.assemblee-nationale.fr/dyn/docs/PRJLANR5L17BTA0227.raw,https://www.legifrance.gouv.fr/jorf/id/JORFTEXT000053508155,https://www.assemblee-nationale.fr/dyn/docs/PRJLANR5L17BTA0227.raw
3163,prelevements_sur_recettes,Prélèvement sur les recettes de l’État au titre de la compensation et du lissage des pertes exceptionnelles de recettes de taxe foncière sur les propriétés bâties,17393977,https://www.legifrance.gouv.fr/jorf/id/JORFTEXT000053508155,https://www.assemblee-nationale.fr/dyn/docs/PRJLANR5L17BTA0227.raw,https://www.legifrance.gouv.fr/jorf/id/JORFTEXT000053508155,https://www.assemblee-nationale.fr/dyn/docs/PRJLANR5L17BTA0227.raw
3164,prelevements_sur_recettes,Prélèvement sur les recettes de l’État compensant les pertes de recettes résultant du recentrage de l’assiette de taxe d’habitation sur les résidences secondaires,94786610,https://www.legifrance.gouv.fr/jorf/id/JORFTEXT000053508155,https://www.assemblee-nationale.fr/dyn/docs/PRJLANR5L17BTA0227.raw,https://www.legifrance.gouv.fr/jorf/id/JORFTEXT000053508155,https://www.assemblee-nationale.fr/dyn/docs/PRJLANR5L17BTA0227.raw
3168,prelevements_sur_recettes,Prélèvement sur les recettes de l’État compensant les retards de versement de la taxe d’aménagement,0,https://www.legifrance.gouv.fr/jorf/id/JORFTEXT000053508155,https://www.assemblee-nationale.fr/dyn/docs/PRJLANR5L17BTA0227.raw,https://www.legifrance.gouv.fr/jorf/id/JORFTEXT000053508155,https://www.assemblee-nationale.fr/dyn/docs/PRJLANR5L17BTA0227.raw
3201,prelevements_sur_recettes,Prélèvement sur les recettes de l’État au profit du budget de l’Union européenne,28439880549,https://www.legifrance.gouv.fr/jorf/id/JORFTEXT000053508155,https://www.assemblee-nationale.fr/dyn/docs/PRJLANR5L17BTA0227.raw,https://www.legifrance.gouv.fr/jorf/id/JORFTEXT000053508155,https://www.assemblee-nationale.fr/dyn/docs/PRJLANR5L17BTA0227.raw
